<Manifest id="31302756" rank="50051057" name="@norm-tomcat-home" path="Instance Parameters/@norm-tomcat-home" size="10" createdBy="evolven" creationTime="1609437563724" updatedBy="evolven" updateTime="1609437569078" lastDeploymentTime="0">
  <Expected Name="className" Tags="" EnvironmentName="" EnvironmentType="Apache-Tomcat" InstanceId="33501" Path="Tomcat File System/Main Server Configuration/Server.xml/Server/Listener [className=org.apache.catalina.core.AprLifecycleListener]/@className" Token="value" Value="&quot;apr&quot;" Formatter="" ID="-1144948708" Disabled="false" SkipMissing="true"/>
  <Expected Name="Connector [port=80]" Tags="Suspect" EnvironmentName="" EnvironmentType="Apache-Tomcat" InstanceId="33501" Path="File System/Main Server Configuration/Connectors/Connector [port=8080]/@connectionTimeout" Token="value" Value="&quot;=250&quot;" Formatter="" ID="1585646044" Disabled="false" SkipMissing="false"/>
  <Expected Name="Connector [port=443]" Tags="" EnvironmentName="" EnvironmentType="Apache-Tomcat" InstanceId="33501" Path="File System/Main Server Configuration/Connectors/Connector [port=443]/@maxThreads" Token="value" Value="&quot;=200&quot;" Formatter="" ID="-911008594" Disabled="false" SkipMissing="false"/>
  <Expected Name="bootstrap.jar" Tags="" EnvironmentName="" EnvironmentType="Apache-Tomcat" InstanceId="33501" Path="File System/Manifests/${tomcat-home}/bin/bootstrap.jar/@Specification-Version" Token="value" Value="&quot;=6.3&quot;" Formatter="" ID="-928216521" Disabled="false" SkipMissing="true"/>
  <Expected Name="annotations-api.jar" Tags="" EnvironmentName="" EnvironmentType="Apache-Tomcat" InstanceId="33501" Path="File System/Manifests/${java-lib}/annotations-api.jar/@Created-By" Token="value" Value="&quot;=1.5.3_06-b05 (Sun Microsystems Inc.)&quot;" Formatter="" ID="2039455743" Disabled="false" SkipMissing="false"/>
  <Expected Name="catalina.jar" Tags="" EnvironmentName="name=Tomcat:80" EnvironmentType="Apache-Tomcat" InstanceId="33501" Path="File System/Manifests/${java-lib}/catalina.jar/@Created-By" Token="value" Value="&quot;=1.5.3_06-b05 (Sun Microsystems Inc.)&quot;" Formatter="" ID="-1702483925" Disabled="false" SkipMissing="false"/>
  <Expected Name="Options" Tags="eyal,Suspect,mike" EnvironmentName="name=Tomcat:80" EnvironmentType="Apache-Tomcat" InstanceId="33501" Path="Windows Registry/Parameters/Java/#Name=Options::Value" Token="value" Value="=-Dcatalina.home=${tomcat-base};-Dcatalina.base=${tomcat-base};-Djava.endorsed.dirs=${tomcat-base}\common\endorsed;-Djava.io.tmpdir=${tomcat-base}\temp;-Djava.util.logging.manager=org.apache.juli.ClassLoaderLogManager;-Djava.util.logging.config.file=${log-conf-file};-XX:MaxPermSize=256m;-XX:OnOutOfMemoryError=&quot;forceShutdown.bat&quot;" Formatter="" ID="-587435263" Disabled="false" SkipMissing="false"/>
  <Expected Name="Options" Tags="" EnvironmentName="name=Tomcat:80" EnvironmentType="Apache-Tomcat" InstanceId="33501" Path="Windows Registry/Parameters/Java/#Name=Options::Type" Token="value" Value="=;REG_MULTI_SZ" Formatter="" ID="2103998708" Disabled="false" SkipMissing="false"/>
  <Expected Name="JvmMx" Tags="Suspect" EnvironmentName="name=Tomcat:80" EnvironmentType="Apache-Tomcat" InstanceId="33501" Path="Windows Registry/Parameters/Java/#Name=JvmMx::Value" Token="value" Value="=256" Formatter="" ID="1166526749" Disabled="false" SkipMissing="false"/>
  <Expected Name="DANNNNNNNY" Tags="" EnvironmentName="" EnvironmentType="citrix-guid" InstanceId="0" Path="Instance Parameters/@is-64-bit" Token="value" Value="&quot;=true&quot;" Formatter="" ID="1162415311" Disabled="false" SkipMissing="false"/>
</Manifest>
